{
	"solar_resource_file" : "C:/Users/bmirletz/SAM Downloaded Weather Files/120_brentwood_st_lakewood_co_80226_39.7192_-105.089_psm3-tmy_60_tmy.csv",
	"albedo" : [ 0.20000000000000001, 0.20000000000000001, 0.20000000000000001, 0.20000000000000001, 0.20000000000000001, 0.20000000000000001, 0.20000000000000001, 0.20000000000000001, 0.20000000000000001, 0.20000000000000001, 0.20000000000000001, 0.20000000000000001 ],
	"use_wf_albedo" : 1,
	"system_use_lifetime_output" : 0,
	"analysis_period" : 30,
	"system_capacity" : 5.2999999999999998,
	"module_type" : 0,
	"dc_ac_ratio" : 1.1499999999999999,
	"bifaciality" : 0,
	"array_type" : 1,
	"tilt" : 20,
	"azimuth" : 180,
	"gcr" : 0.29999999999999999,
	"soiling" : [ 0, 0, 0, 0, 0, 0, 0, 0, 0, 0, 0, 0 ],
	"losses" : 14.075660688264469,
	"en_snowloss" : 0,
	"inv_eff" : 96,
	"shading_en_string_option" : 0,
	"shading_string_option" : 0,
	"shading_en_timestep" : 0,
	"shading_timestep" : [ [ 0 ] ],
	"shading_en_mxh" : 0,
	"shading_mxh" : [ [ 0 ] ],
	"shading_en_azal" : 0,
	"shading_azal" : [ [ 0 ] ],
	"shading_en_diff" : 0,
	"shading_diff" : 0,
	"batt_simple_enable" : 0,
	"adjust_constant" : 0,
	"adjust_en_timeindex" : 0,
	"adjust_en_periods" : 0,
	"adjust_timeindex" : [ 0 ],
	"adjust_periods" : [ [ 0,  0,  0 ] ]
}
